Postcode district,Number of XL Bully applications approved,Rank,Per 100k residents
CR0,219,1,128.5935738
S5,189,2,297.909902
WA7,182,3,288.0658436
DE24,180,4,300.0050001
WA8,174,5,271.641558
L36,173,6,410.6532472
L4,171,7,420.6331636
B37,165,=8,437.9678293
LE3,165,=8,150.0259136
WA9,156,10,295.7738468
LE2,148,=11,120.2215976
NG17,148,=11,196.4819117
B77,147,13,256.9525774
CV2,145,14,212.8346642
CV6,141,15,149.8230813
SE18,133,16,156.5258326
B31,132,=17,227.4097683
DN4,132,=17,237.521143
WN2,128,=19,237.8651602
WN7,128,=19,253.8524086
WS3,127,21,238.4663049
NN3,123,22,157.5771552
LE4,120,23,110.0947733
CV10,119,24,210.832167
NP19,118,25,204.3820906
ME12,116,26,270.0123368
WV10,115,27,183.0306696
NG16,113,=28,176.2430595
SE9,113,=28,168.1297426
B36,112,30,303.6547012
CO15,111,31,246.6611853
CH65,110,=32,359.8298986
NG5,110,=32,122.5121677
BN2,109,34,115.5824187
PO9,108,35,212.155738
DY4,107,=36,221.881221
NG19,107,=36,196.7309566
NG8,107,=36,159.5538457
ST6,107,=36,159.0297698
WV14,107,=36,207.2880141
PR2,106,41,132.4205477
DE21,105,=42,182.143043
L20,105,=42,304.453723
WS11,105,=42,236.587729
B33,103,=45,273.8269307
BS13,103,=45,317.9208593
DY5,102,=47,238.8479101
L14,102,=47,368.5770037
CW1,101,=49,225.4263012
RH11,101,=49,167.5486472
BB5,100,=51,158.9016716
DE55,100,=51,184.8155541
S2,99,53,210.6696742
CV3,98,54,139.595174
L9,97,55,304.2278259
B44,96,56,254.3585396
ST3,95,57,138.6719605
L35,94,=58,307.6520259
LA14,94,=58,254.3496496
S64,94,=58,294.6523729
L11,93,=61,314.4335125
SO19,93,=61,158.9825119
SS8,92,63,240.0396587
LE5,91,=64,91.34436827
NG18,91,=64,201.9888129
PE2,91,=64,169.7254551
LU5,90,=67,213.8630801
M22,90,=67,197.4117131
TS6,90,=67,296.608773
DY2,89,=70,245.3074612
PR1,89,=70,121.142826
S13,89,=70,286.615999
SO16,89,=70,127.0702456
M40,88,=74,190.2908423
MK42,88,=74,155.9150263
NE34,88,=74,170.2984093
PE1,88,=74,155.0660793
BB2,87,=78,138.158835
NG6,87,=78,224.1112828
NP4,87,=78,192.1972341
WS10,87,=78,170.2177613
BL2,86,=82,182.1416469
BR1,86,=82,141.8159032
B45,85,=84,261.9253051
DN12,85,=84,347.3925127
L21,85,=84,340.6267532
L8,85,=84,240.7932011
B23,84,=88,173.8122827
NN8,84,=88,153.2399299
S66,84,=88,181.4568392
CF37,83,=91,213.9064997
DE7,83,=91,162.099877
BS15,82,=93,164.741336
L13,82,=93,274.5688934
L24,82,=93,471.6709807
S63,82,=93,191.1065536
CF83,81,=97,148.4386454
M34,81,=97,169.5766863
ME15,81,=97,151.9414744
WA10,81,=97,201.1323004
B14,80,=101,184.8044538
CH42,80,=101,245.278391
NE6,79,=103,155.7908852
WF10,79,=103,152.6806076
WS2,79,=103,187.3147599
M9,78,=106,175.9610179
WA11,78,=106,195.0682739
WN5,78,=106,174.3406348
WN8,78,=106,164.5604338
BS16,77,=110,84.3669194
CV12,77,=110,239.8903358
DN6,77,=110,248.7722926
NP20,77,=110,141.0824874
B98,76,=114,151.1024514
FY1,76,=114,220.6992682
ST5,76,=114,92.35966799
CR4,75,=117,115.5855564
DE23,75,=117,112.295622
DN17,75,=117,203.9373504
RM3,75,=117,156.0776642
SK14,75,=117,149.1439139
B68,74,=122,219.9631413
PL5,74,=122,168.1588874
PR7,74,=122,115.4158088
PR8,74,=122,131.7828077
S80,74,=122,239.9247803
BS4,73,=127,141.1528124
L25,73,=127,214.4220884
OX16,73,=127,139.501997
B32,72,=130,181.2825742
DE11,72,=130,153.9612958
NE28,72,=130,154.6491398
S43,72,=130,174.9398644
CM1,71,=134,102.2656891
LA1,71,=134,126.7992999
ME5,71,=134,136.1039758
NP44,71,=134,146.3133166
CH66,70,=138,194.8883568
DA1,70,=138,107.0843978
DN32,70,=138,249.4032137
L6,70,=138,282.7483136
LE9,70,=138,116.7016772
LS14,70,=138,179.4641713
NN10,70,=138,168.4433429
NR31,70,=138,137.6300112
PR4,70,=138,107.0058242
FY4,69,=147,155.1398507
GL4,69,=147,141.8906414
LU2,69,=147,111.9820829
NP23,69,=147,214.1659942
ST2,69,=147,194.5854484
B65,68,=152,273.4547794
BL3,68,=152,94.59816646
HU9,68,=152,162.1673185
RM8,68,=152,136.3189864
DA11,67,=156,161.827931
DY1,67,=156,190.1842232
LE12,67,=156,96.55013402
LE18,67,=156,198.4891127
S60,67,=156,159.0504451
S73,67,=156,229.0598291
TN23,67,=156,148.8194398
B63,66,=163,177.6820568
CT9,66,=163,142.3794628
CV11,66,=163,159.3317722
DA8,66,=163,172.4363161
ME2,66,=163,154.1227845
ME7,66,=163,123.6117094
WA2,66,=163,160.9402814
BL4,65,=170,183.4085779
BR5,65,=170,133.3661619
E4,65,=170,97.75171065
M23,65,=170,198.4551033
NN2,65,=170,154.4126381
TQ2,65,=170,177.9700463
DL1,64,=176,133.572651
DY8,64,=176,125.6626743
LL18,64,=176,151.3252784
M27,64,=176,148.4643222
NG11,64,=176,163.9302272
NG31,64,=176,135.1294287
S12,64,=176,187.12356
LE67,63,=183,97.20572125
M28,63,=183,144.6280992
SE16,63,=183,117.3184358
SG1,63,=183,113.1120168
SS13,63,=183,277.9370892
CV7,62,=188,211.5463355
EN3,62,=188,101.0792657
L33,62,=188,323.3039579
LS10,62,=188,154.7369472
M24,62,=188,122.367616
ME10,62,=188,117.8505579
PE7,62,=188,121.4662148
S70,62,=188,149.6247315
TF1,62,=188,145.1718648
CH5,61,=197,144.0649946
DN5,61,=197,151.4963368
E16,61,=197,99.16441786
IP24,61,=197,210.555383
S6,61,=197,104.9516534
S65,61,=197,173.4038319
SS16,61,=197,189.5469517
B34,60,=204,292.3264312
BS11,60,=204,314.317146
CH44,60,=204,204.4501993
LU7,60,=204,97.69441188
RH10,60,=204,81.12602929
WA3,60,=204,122.1150324
WS12,60,=204,163.3230803
CF5,59,=211,85.53823849
CW7,59,=211,170.6928974
GU14,59,=211,103.1017912
L30,59,=211,295.7986564
NG10,59,=211,124.4200759
SN2,59,=211,130.4472794
BB1,58,=217,82.13784997
CH62,58,=217,191.3559881
LL11,58,=217,151.3490945
M26,58,=217,156.2457908
M30,58,=217,143.3372875
N1,58,=217,61.79877042
NN18,58,=217,143.8848921
OL6,58,=217,188.642425
RM9,58,=217,145.5494492
TS19,58,=217,157.870383
WA5,58,=217,92.53645617
BB3,57,=228,167.2338927
BS5,57,=228,99.24607804
CH46,57,=228,225.4211817
DA12,57,=228,115.1887479
DN21,57,=228,146.0115785
L32,57,=228,271.0155953
LU4,57,=228,98.73036218
N9,57,=228,107.4559336
NG20,57,=228,204.2205582
NG3,57,=228,109.4154909
NN14,57,=228,121.5922181
OL8,57,=228,122.3727431
PE28,57,=228,108.7910829
PR5,57,=228,140.2800679
SE15,57,=228,86.9193937
WF9,57,=228,137.4520726
B79,56,=244,229.5458272
DN14,56,=244,114.3744128
DY11,56,=244,173.7996959
NE5,56,=244,111.845653
NG22,56,=244,199.7146933
OX4,56,=244,83.70076975
S41,56,=244,151.736845
S71,56,=244,117.7138293
SG19,56,=244,217.5517657
SO45,56,=244,162.9185698
SR4,56,=244,134.4731534
WV3,56,=244,183.6848493
AL7,55,=256,148.9304089
BB11,55,=256,219.6222497
BL1,55,=256,79.30557158
DE22,55,=256,112.8181986
DN16,55,=256,167.8313143
L27,55,=256,817.4791914
LS12,55,=256,124.4766323
S35,55,=256,135.3746185
SR5,55,=256,160.8751609
WA12,55,=256,215.3737714
CM3,54,=266,96.21209422
DY3,54,=266,154.6879028
HU6,54,=266,149.9458529
LE10,54,=266,101.6547128
LS9,54,=266,123.9584051
NN4,54,=266,102.5718953
RM15,54,=266,167.5353686
SE6,54,=266,94.38909282
ST16,54,=266,160.8387443
ST7,54,=266,97.88105639
GL2,53,=276,85.62197092
M33,53,=276,85.58878625
NN9,53,=276,182.525743
S20,53,=276,175.5199364
S61,53,=276,151.6799267
SO18,53,=276,141.4691437
ST17,53,=276,137.558722
ST4,53,=276,91.55927167
WF2,53,=276,97.25841377
B24,52,=285,174.7487986
BB8,52,=285,224.8454188
FY5,52,=285,116.2868708
IG10,52,=285,153.85981
LE7,52,=285,101.4693543
LL29,52,=285,252.9675034
NG4,52,=285,127.3386228
S75,52,=285,115.8283958
SW16,52,=285,60.48551256
WV4,52,=285,149.2708692
B26,51,=295,147.394584
B64,51,=295,275.616083
CF44,51,=295,124.4722134
DH8,51,=295,127.9510274
HX2,51,=295,137.4774241
L19,51,=295,207.0309329
NN15,51,=295,122.3373633
PE11,51,=295,108.1103998
PE12,51,=295,121.7765043
RG2,51,=295,107.8748652
SG2,51,=295,117.9954653
TW13,51,=295,127.7683135
WN3,51,=295,165.476963
CW2,50,=308,113.5202634
E14,50,=308,46.20474245
E17,50,=308,44.22704395
HU7,50,=308,104.4386423
L5,50,=308,343.194454
LS13,50,=308,134.8981519
OX11,50,=308,112.3545009
PO6,50,=308,117.5917215
SK6,50,=308,97.17984101
TS3,50,=308,168.0954782
B71,49,=318,146.7900902
BL9,49,=318,93.67771044
CO10,49,=318,97.39420803
CV9,49,=318,215.9065874
DN15,49,=318,131.6921092
DN7,49,=318,202.1535542
E6,49,=318,58.12643092
EN8,49,=318,124.4665718
NG15,49,=318,107.1600402
NG9,49,=318,66.47853693
NR30,49,=318,156.7548546
PE3,49,=318,146.8032836
PO13,49,=318,137.247213
RM10,49,=318,115.5823937
RM16,49,=318,111.4573619
S8,49,=318,106.6353289
SL2,49,=318,81.72659951
SM5,49,=318,117.3596474
CM18,48,=336,184.5231231
CM7,48,=336,94.16750044
GL51,48,=336,90.26289067
L12,48,=336,156.5762004
LL13,48,=336,133.4222815
NE29,48,=336,134.2882722
PO12,48,=336,103.5241341
PR25,48,=336,146.7172026
RG12,48,=336,80.9907873
S25,48,=336,224.9613348
SO50,48,=336,92.58723454
SS15,48,=336,141.6848692
UB3,48,=336,84.37483521
WA4,48,=336,97.17189303
BB9,47,=350,94.07714326
CH1,47,=350,142.5884352
CO16,47,=350,176.9445072
DY10,47,=350,127.027027
L10,47,=350,307.5312439
ME8,47,=350,92.47599559
S36,47,=350,162.0689655
S44,47,=350,209.7371592
SN3,47,=350,85.14647004
TF2,47,=350,115.3176142
B38,46,=360,217.8339726
CH41,46,=360,234.6100882
CV21,46,=360,114.4990666
EX4,46,=360,75.79502389
LA4,46,=360,176.6445221
M32,46,=360,155.9322034
MK41,46,=360,105.2150046
NN17,46,=360,137.2151295
RH12,46,=360,88.47685176
RM13,46,=360,141.2689638
SG6,46,=360,133.9896886
SK3,46,=360,158.7465921
SL3,46,=360,91.04764167
SR2,46,=360,143.445179
SW11,46,=360,56.55552277
UB5,46,=360,91.45492863
BB4,45,=376,106.2724353
CA2,45,=376,110.812874
CM8,45,=376,126.1741203
CW12,45,=376,134.8193421
HP2,45,=376,106.0720347
L15,45,=376,150.1150882
L17,45,=376,196.420777
LL14,45,=376,135.5135965
M43,45,=376,188.0170469
M44,45,=376,225.9036145
ME3,45,=376,148.804603
ME4,45,=376,134.3243485
MK6,45,=376,151.9859497
NE63,45,=376,159.3540848
NG21,45,=376,183.0533295
NN5,45,=376,99.31801629
NR3,45,=376,130.400765
NW2,45,=376,63.89504174
OL4,45,=376,94.61931496
PR6,45,=376,124.2853592
PR9,45,=376,102.4473534
S21,45,=376,218.414794
SK5,45,=376,142.6623974
SM4,45,=376,113.3786848
AL10,44,=400,113.0146662
DN11,44,=400,148.3579473
E3,44,=400,64.98013675
HU5,44,=400,90.07533574
HU8,44,=400,125.7681864
L26,44,=400,287.1875204
LA3,44,=400,175.145291
M18,44,=400,164.2036125
NP22,44,=400,204.6226108
PE13,44,=400,115.6342803
RM18,44,=400,222.5369209
SE28,44,=400,144.1488665
TQ12,44,=400,75.20853275
B29,43,=413,93.15222807
BB12,43,=413,118.6141454
BH11,43,=413,206.0275023
CM17,43,=413,165.984714
CO12,43,=413,183.2907076
DA16,43,=413,114.7094915
DN8,43,=413,233.7591737
FY7,43,=413,163.9594296
L31,43,=413,139.8283039
SR8,43,=413,124.0372689
SS3,43,=413,147.275405
B69,42,=424,132.004903
B78,42,=424,169.3753277
BN27,42,=424,129.9625584
BS34,42,=424,115.3877854
CR7,42,=424,89.45496369
DE13,42,=424,97.05372617
HD2,42,=424,139.9440224
LU6,42,=424,121.7744274
M11,42,=424,172.1311475
NE24,42,=424,104.0634291
NG7,42,=424,66.81939672
NN11,42,=424,101.0076718
OL12,42,=424,88.55715099
RH6,42,=424,119.791221
S81,42,=424,108.6506623
SA18,42,=424,138.0307611
SL1,42,=424,53.70019946
SM6,42,=424,104.0556946
SS2,42,=424,107.337269
TS24,42,=424,189.6761956
BA14,41,=444,77.63828135
BR6,41,=444,85.34376886
CV47,41,=444,203.2520325
CW8,41,=444,101.7647497
DH9,41,=444,110.0641594
HD4,41,=444,136.5437773
KT19,41,=444,108.328049
LU1,41,=444,81.16883117
LU3,41,=444,62.20509475
M38,41,=444,271.7211213
MK45,41,=444,82.925448
N17,41,=444,59.58176507
NE15,41,=444,120.9225506
OL11,41,=444,84.90546501
PO2,41,=444,96.42067636
SL6,41,=444,48.65140674
WF17,41,=444,92.151398
B90,40,=461,80.61915511
BN1,40,=461,47.15090648
BN22,40,=461,119.0866057
CM16,40,=461,167.1611852
CM9,40,=461,113.1189729
CT1,40,=461,124.498117
CT11,40,=461,133.457894
DN2,40,=461,162.1533971
DN3,40,=461,132.5688529
EN1,40,=461,83.44459279
FY3,40,=461,125.5098839
LL57,40,=461,149.0146407
M46,40,=461,170.801486
M6,40,=461,110.42098
MK3,40,=461,143.6781609
RG22,40,=461,94.30848305
SR3,40,=461,105.2022513
SS14,40,=461,137.7268189
SS7,40,=461,79.14366554
SW9,40,=461,83.32291797
TF3,40,=461,148.4836111
TN38,40,=461,138.1501692
TS10,40,=461,105.5743243
WD6,40,=461,95.52695054
WS8,40,=461,243.1315342
WV11,40,=461,112.1390524
WV13,40,=461,179.139236
B97,39,=488,111.1681204
BD6,39,=488,125.4503345
BN17,39,=488,117.6080335
BS10,39,=488,127.4301585
CF32,39,=488,123.9157373
CT2,39,=488,120.6272618
CT6,39,=488,96.32007903
CV5,39,=488,82.83244483
EN11,39,=488,173.4643953
NE37,39,=488,196.7113891
SE1,39,=488,53.29761937
SP11,39,=488,109.1703057
SW15,39,=488,60.96417183
WF12,39,=488,108.2791937
WS7,39,=488,129.1219706
BS23,38,=503,105.6582789
CH8,38,=503,182.7801828
CM23,38,=503,86.64918481
DN22,38,=503,101.5934125
DN33,38,=503,186.429868
DN35,38,=503,116.5072357
HU3,38,=503,121.9903692
LE8,38,=503,93.41888537
N7,38,=503,74.76194224
NN16,38,=503,117.8404193
OL10,38,=503,128.0927661
S62,38,=503,189.1959174
SA11,38,=503,106.6936208
SN5,38,=503,106.6487048
TF7,38,=503,199.2972151
UB4,38,=503,89.18512955
WN4,38,=503,136.4354445
WN6,38,=503,90.8830001
WS13,38,=503,130.4452302
B13,37,=522,95.64925161
B70,37,=522,108.6382054
BH23,37,=522,66.90414625
CF39,37,=522,127.5466235
CF40,37,=522,184.1712295
CH43,37,=522,97.80597409
CM13,37,=522,145.916315
CO2,37,=522,90.4402239
CO4,37,=522,69.45356935
CV22,37,=522,92.96248838
CV4,37,=522,99.15317826
DE75,37,=522,198.3382471
DL5,37,=522,125.4620054
HA8,37,=522,51.51481399
HD5,37,=522,120.3839271
HP13,37,=522,80.44527547
L7,37,=522,171.1853428
NE31,37,=522,161.2551754
NW10,37,=522,38.89578033
PE19,37,=522,79.06489732
PE4,37,=522,121.9351437
ST1,37,=522,113.8391484
TQ1,37,=522,111.5802171
TS17,37,=522,79.2053774
UB6,37,=522,68.49441863
W12,37,=522,74.73992526
WS15,37,=522,95.64430658
WV12,37,=522,144.59338
YO8,37,=522,76.59979711
B35,36,=551,363.7465899
BA2,36,=551,44.77389185
BS14,36,=551,116.3918526
CB6,36,=551,90.59566651
CF31,36,=551,79.42461281
CM2,36,=551,58.97578716
CR2,36,=551,71.48246694
E13,36,=551,69.55715279
GL3,36,=551,103.2435688
HP21,36,=551,102.5670247
LE11,36,=551,54.83291193
NG2,36,=551,59.60758341
NG24,36,=551,74.56194855
NR5,36,=551,111.662531
OL9,36,=551,81.83678109
RH1,36,=551,71.37758744
S40,36,=551,103.7673306
SW6,36,=551,54.67136435
TS5,36,=551,87.12066212
WD19,36,=551,122.0173536
B67,35,=571,107.3290402
BD4,35,=571,107.4542552
CA14,35,=571,97.57457485
CM20,35,=571,134.9892009
CV31,35,=571,101.6880212
CV34,35,=571,98.12167087
DA7,35,=571,96.95290859
DL14,35,=571,92.96148738
DL3,35,=571,80.9098895
LA13,35,=571,183.2077052
LN6,35,=571,54.1142274
M41,35,=571,83.88256441
NE23,35,=571,88.56947643
NP11,35,=571,95.71471545
OX26,35,=571,91.89245957
PE14,35,=571,155.5348176
RM12,35,=571,97.13587922
TS23,35,=571,123.126715
TW14,35,=571,110.1079057
TW19,35,=571,185.8933503
UB7,35,=571,94.71747131
W10,35,=571,99.54210631
WF7,35,=571,154.4640099
B27,34,=594,127.7235162
BH12,34,=594,94.00315187
CH7,34,=594,67.38811591
DH4,34,=594,97.13453133
DY9,34,=594,107.4317492
E5,34,=594,69.36227508
FY2,34,=594,141.2018772
GU11,34,=594,125.1426258
HA4,34,=594,64.0361616
HX3,34,=594,74.05955259
IG7,34,=594,143.8666272
MK43,34,=594,80.01317864
NE9,34,=594,92.33861112
NP12,34,=594,101.5865428
OL2,34,=594,82.70292622
PL6,34,=594,79.38731671
S74,34,=594,188.2822018
SE12,34,=594,119.047619
SG8,34,=594,84.30866891
SK13,34,=594,101.985722
SS9,34,=594,67.02677128
TA6,34,=594,64.52225069
BR2,33,=616,66.49606061
CF45,33,=616,170.2522829
CF63,33,=616,152.4249423
CM19,33,=616,158.4405608
DY13,33,=616,143.9916223
HR2,33,=616,84.69356329
LS27,33,=616,86.19788946
M5,33,=616,155.6750637
N19,33,=616,94.27224682
NE10,33,=616,96.46020286
NE33,33,=616,127.206846
NE8,33,=616,101.7858795
OL1,33,=616,129.6405421
PO20,33,=616,91.20557183
RM17,33,=616,110.2462166
S14,33,=616,339.3665158
S26,33,=616,124.6647274
S72,33,=616,127.2902604
SE2,33,=616,116.2749727
SE25,33,=616,90.17378949
SK10,33,=616,80.73789543
SK15,33,=616,115.4209367
SK16,33,=616,167.1224552
SS0,33,=616,77.58134286
WD25,33,=616,107.1219892
WF8,33,=616,91.45327569
WV6,33,=616,72.76415594
BD21,32,=643,118.5053513
BH15,32,=643,89.74646623
CB8,32,=643,92.48554913
CT17,32,=643,143.6394649
DE15,32,=643,127.9488205
DH7,32,=643,74.87131493
IP1,32,=643,78.6956201
LS11,32,=643,80.19246191
M16,32,=643,84.70089995
M29,32,=643,132.5875285
ME17,32,=643,118.8883935
PO21,32,=643,73.70894182
SA1,32,=643,61.69745112
SA12,32,=643,98.10834841
SG12,32,=643,104.5478306
SK11,32,=643,85.23786692
SS11,32,=643,165.2380461
SS17,32,=643,94.31737798
WF3,32,=643,93.88293971
WR11,32,=643,66.64306391
B42,31,=663,123.5995375
B92,31,=663,83.62557324
CB4,31,=663,69.9064156
CB9,31,=663,93.92516285
CF62,31,=663,70.4962023
CT14,31,=663,87.24530001
DA17,31,=663,159.6868078
DA2,31,=663,127.7823578
E1,31,=663,39.25988779
HA3,31,=663,40.90627186
KT15,31,=663,102.740861
PL2,31,=663,95.89507223
S42,31,=663,103.9779969
SA15,31,=663,82.13443552
SA4,31,=663,67.54989976
SK2,31,=663,102.4962804
SK8,31,=663,50.13017675
SW18,31,=663,47.08169433
SW2,31,=663,55.81763837
TF4,31,=663,134.712324
WF1,31,=663,77.53682999
WF11,31,=663,175.4783199
B43,30,=685,99.30486594
BD10,30,=685,106.7008109
BD13,30,=685,112.3301007
BL6,30,=685,95.81297308
BN15,30,=685,106.3075833
BS30,30,=685,99.71746718
CM0,30,=685,167.5977654
CR8,30,=685,89.90110878
DE5,30,=685,133.3748277
DY6,30,=685,103.9969494
EN7,30,=685,136.7926679
EN9,30,=685,118.5302252
GL15,30,=685,134.8072257
IG11,30,=685,45.9340693
IP2,30,=685,91.82736455
L28,30,=685,449.8425551
L34,30,=685,217.170986
NW5,30,=685,99.14405631
PE21,30,=685,63.79449666
PO30,30,=685,95.97850082
RG14,30,=685,70.86335184
RG21,30,=685,97.94958861
RG24,30,=685,76.28540914
RM7,30,=685,91.78241449
SE10,30,=685,73.79347666
SE13,30,=685,64.70816617
SO40,30,=685,72.98204642
SW8,30,=685,77.6236804
SY1,30,=685,104.6572475
UB2,30,=685,78.89546351
WS9,30,=685,113.3230083
BA13,29,=716,132.1545753
BS22,29,=716,76.2535826
BS37,29,=716,70.88731362
CR3,29,=716,93.49711449
CR5,29,=716,90.72990645
CT19,29,=716,102.4734982
DE4,29,=716,84.94185876
GU21,29,=716,57.01590547
HP22,29,=716,93.5695157
HU17,29,=716,66.17680617
KT12,29,=716,72.61436763
L23,29,=716,95.19745265
L3,29,=716,140.6810905
LN1,29,=716,89.73327557
LS25,29,=716,66.75567423
MK40,29,=716,73.60219284
NG12,29,=716,81.08032544
NN12,29,=716,109.4587454
NW9,29,=716,37.02994318
PE15,29,=716,91.86517993
PL4,29,=716,82.12505664
PO8,29,=716,81.11434325
RH19,29,=716,82.40275055
RM6,29,=716,76.34391618
SA5,29,=716,81.65104035
SE19,29,=716,100.2974338
SM1,29,=716,66.10289257
SN25,29,=716,65.38158043
ST15,29,=716,126.5160108
SW19,29,=716,36.00158904
TW5,29,=716,86.75881051
TW7,29,=716,69.00325981
WR14,29,=716,82.92585285
B46,28,=749,218.8183807
BL5,28,=749,101.9479337
BL8,28,=749,77.4657629
BN23,28,=749,97.87129924
CF14,28,=749,35.87443946
CO9,28,=749,100.6433989
CT16,28,=749,132.7391675
CV1,28,=749,77.91195949
DE12,28,=749,126.771404
DE14,28,=749,79.18328102
E11,28,=749,49.96341964
FY8,28,=749,62.06636668
IP28,28,=749,93.91876027
LL12,28,=749,99.77906065
LL19,28,=749,140.3931007
LL65,28,=749,116.9883847
ME13,28,=749,96.74521457
NE27,28,=749,171.2747737
NN1,28,=749,79.97029675
PE25,28,=749,120.9764528
PE29,28,=749,86.19893483
PE6,28,=749,70.7410121
PL1,28,=749,106.3344979
PO7,28,=749,63.37852826
SE17,28,=749,78.31510642
SP4,28,=749,72.27298539
TR7,28,=749,126.3366873
WF4,28,=749,62.83098465
B75,27,=777,97.87218617
BA21,27,=777,74.58975634
BD22,27,=777,90.38564542
CM5,27,=777,229.1242363
CV37,27,=777,59.20273648
DA15,27,=777,90.7624042
DH3,27,=777,100.9798788
DH6,27,=777,76.89021786
EN6,27,=777,89.08539
IP14,27,=777,64.67685527
IP3,27,=777,75.54983491
LL22,27,=777,146.6355292
M45,27,=777,115.9096763
M7,27,=777,74.98958478
NE38,27,=777,85.3970965
NR32,27,=777,66.87306502
PE30,27,=777,57.79233288
PE9,27,=777,81.09325725
PO15,27,=777,117.0655567
PO16,27,=777,82.98245075
PO33,27,=777,86.97052665
S9,27,=777,92.9720051
SE26,27,=777,88.26702409
SE8,27,=777,81.1785929
SP10,27,=777,67.84601467
SS12,27,=777,143.7546587
TN16,27,=777,137.1672424
TN24,27,=777,77.85018165
TN34,27,=777,88.64084045
TQ3,27,=777,82.74086786
TS18,27,=777,98.09620695
TS25,27,=777,70.61962179
UB10,27,=777,68.90567579
WA1,27,=777,115.7109797
WR5,27,=777,76.98887938
B62,26,=812,101.7652354
BB10,26,=812,62.94027936
BR8,26,=812,109.5659503
BS7,26,=812,58.49795257
CA1,26,=812,103.8670502
CF24,26,=812,43.81308663
CH4,26,=812,74.67401919
CH6,26,=812,146.9341622
CO1,26,=812,144.1641253
CV23,26,=812,94.01214926
DA3,26,=812,151.8780303
DH5,26,=812,122.439369
EX2,26,=812,57.89098682
GU15,26,=812,71.96036644
HD3,26,=812,81.54560281
HX6,26,=812,135.6002921
IG6,26,=812,80.74283407
LE17,26,=812,110.0063465
M12,26,=812,133.786148
N18,26,=812,75.60996888
N4,26,=812,48.88872175
NE12,26,=812,70.96844634
NE3,26,=812,49.12612187
OL13,26,=812,156.8438198
PL26,26,=812,92.01259865
PO1,26,=812,82.64200121
PR3,26,=812,61.85468906
SE7,26,=812,112.9256428
SR7,26,=812,85.4869468
SS1,26,=812,92.0973398
SY11,26,=812,93.35056728
TN39,26,=812,98.05030735
TR14,26,=812,93.45794393
TW4,26,=812,80.64766277
WD3,26,=812,60.45668046
B25,25,=847,138.5578895
BB7,25,=847,70.16559079
BS3,25,=847,60.63398899
BS35,25,=847,102.4548174
CF23,25,=847,52.5254223
CT3,25,=847,121.0360687
CV33,25,=847,298.36496
CW5,25,=847,75.31935406
DL17,25,=847,139.0433815
DN31,25,=847,268.3843264
DT4,25,=847,66.84670713
E9,25,=847,60.98750976
FY6,25,=847,86.76337891
GL52,25,=847,50.79236083
GL7,25,=847,54.94143243
GU35,25,=847,103.5925911
HD9,25,=847,69.66893323
KT16,25,=847,123.4019448
L39,25,=847,79.74481659
LE13,25,=847,90.49446174
LL30,25,=847,119.2577398
M8,25,=847,68.99597064
ME1,25,=847,73.8989063
NP16,25,=847,106.1571125
NR7,25,=847,71.74630507
NW6,25,=847,37.62453722
PO22,25,=847,78.18119273
RM11,25,=847,76.56967841
SA6,25,=847,76.39886318
SK4,25,=847,70.44237813
TN4,25,=847,79.92327366
TW15,25,=847,84.65966813
WN1,25,=847,124.7442742
WR9,25,=847,72.63641118
WV2,25,=847,130.059307
YO25,25,=847,73.30303475
YO26,25,=847,79.13395796
B28,24,=884,73.56547327
B30,24,=884,81.07286424
BA3,24,=884,64.08715854
BN13,24,=884,78.42880952
BS24,24,=884,96.71179884
CA28,24,=884,86.17284837
CF3,24,=884,52.13084843
CF38,24,=884,102.3017903
CT12,24,=884,125.8389262
DA9,24,=884,157.4389924
DE72,24,=884,117.3536746
DN34,24,=884,125.4770743
E10,24,=884,50.67032619
GL1,24,=884,61.72045776
GL5,24,=884,76.55258205
LN11,24,=884,81.05643554
LN12,24,=884,179.1847096
LN2,24,=884,56.83701985
LN4,24,=884,59.14972274
LS8,24,=884,46.48910412
M35,24,=884,111.8620368
MK2,24,=884,140.0641961
NR33,24,=884,61.19638941
OL16,24,=884,59.1701388
OX14,24,=884,52.26367022
PO4,24,=884,58.15080442
RG30,24,=884,49.12093985
RH13,24,=884,59.9056486
SA13,24,=884,125.2478864
SE5,24,=884,47.56996749
SG14,24,=884,115.9588346
SG4,24,=884,79.64161274
SN6,24,=884,105.1893408
SO31,24,=884,49.31979779
UB8,24,=884,61.8588587
WS4,24,=884,134.2957865
AL3,23,=920,77.65023633
BB6,23,=920,154.6946462
CF34,23,=920,114.902333
CF48,23,=920,85.77608712
CH2,23,=920,64.47272523
CM15,23,=920,96.03340292
CM6,23,=920,76.70501918
DA14,23,=920,99.40357853
EX16,23,=920,68.17238722
IG8,23,=920,60.41978617
IP25,23,=920,107.106268
LE16,23,=920,60.0334099
LE19,23,=920,139.8856587
LL16,23,=920,148.9926799
LL55,23,=920,106.6246349
LS15,23,=920,63.99376756
M14,23,=920,40.56151242
M21,23,=920,79.23111371
M31,23,=920,281.3111546
N15,23,=920,47.49514723
NE32,23,=920,94.16581372
NW1,23,=920,41.27411395
S4,23,=920,159.6667824
SG18,23,=920,74.80891202
SG5,23,=920,64.55596722
SK9,23,=920,57.58493778
SS5,23,=920,103.2315978
TS8,23,=920,102.4909763
TW3,23,=920,48.02271683
YO12,23,=920,57.65856104
YO17,23,=920,97.76833156
BD2,22,=951,69.70186611
CB7,22,=951,76.64971082
CF42,22,=951,164.7569834
CF72,22,=951,78.68664831
CH49,22,=951,74.4047619
CM22,22,=951,136.3580017
CT5,22,=951,66.33499171
CV32,22,=951,66.84085799
DE56,22,=951,55.84181537
DT11,22,=951,72.75854086
EX1,22,=951,79.51136651
GU12,22,=951,67.71105845
HD6,22,=951,82.89686876
HD7,22,=951,96.55898876
M20,22,=951,44.20244721
MK11,22,=951,211.8644068
NE40,22,=951,140.7189459
NN7,22,=951,73.12371203
NR4,22,=951,86.77131814
OX12,22,=951,75.22139023
PE22,22,=951,128.3322639
PO19,22,=951,65.6167979
RH16,22,=951,56.0766721
SN10,22,=951,67.32976282
SO15,22,=951,49.88549012
SW17,22,=951,34.09584031
SY3,22,=951,63.27475625
TN12,22,=951,70.14858746
TN2,22,=951,73.94957983
TN35,22,=951,124.5259523
TR11,22,=951,69.40500978
TR27,22,=951,135.326321
TS20,22,=951,107.2177007
TW16,22,=951,98.21867048
WR2,22,=951,68.33996024
WR4,22,=951,83.00007545
B74,21,=987,64.66910972
BA12,21,=987,71.31214344
BD12,21,=987,124.2677081
BN41,21,=987,98.25480747
CB5,21,=987,155.210643
CF47,21,=987,95.61970677
CO7,21,=987,59.96402159
CT10,21,=987,83.46250149
E8,21,=987,49.60551802
HP19,21,=987,77.5651917
IG1,21,=987,29.58746619
KT22,21,=987,84.27642668
L37,21,=987,89.95502249
LN5,21,=987,57.65271105
LS28,21,=987,50.41653662
ME9,21,=987,88.76114798
N22,21,=987,48.21047315
N8,21,=987,52.42529396
OL14,21,=987,132.2334866
PL31,21,=987,125.2161469
PO3,21,=987,101.9219569
RG7,21,=987,57.81301619
RH2,21,=987,76.00159241
RH20,21,=987,79.30214116
RM19,21,=987,285.4812398
SG17,21,=987,142.2089795
SS6,21,=987,64.76484194
SY13,21,=987,106.6910532
TN15,21,=987,81.62313433
W4,21,=987,45.82851406
W6,21,=987,57.78438171
WV1,21,=987,127.6285402
B60,20,=1019,71.7591762
B8,20,=1019,42.91016756
BD5,20,=1019,62.3869237
BN12,20,=1019,88.20286659
CB1,20,=1019,37.3489701
CB24,20,=1019,54.1990732
CF81,20,=1019,124.7660636
CO5,20,=1019,67.79431206
CT20,20,=1019,84.13259297
DA10,20,=1019,183.6715952
DE1,20,=1019,121.8100981
DL16,20,=1019,89.45744062
DN40,20,=1019,160.836349
DN9,20,=1019,92.33610342
DT6,20,=1019,91.82314862
E15,20,=1019,34.21727973
EX31,20,=1019,70.39526944
EX39,20,=1019,50.68295279
KT3,20,=1019,49.55401388
LS26,20,=1019,63.78771449
ME6,20,=1019,168.861871
N16,20,=1019,29.22737436
NR8,20,=1019,87.85030308
PL3,20,=1019,64.31695395
PL9,20,=1019,64.32729729
PO5,20,=1019,68.04804192
RM5,20,=1019,95.99232061
SE20,20,=1019,80.60615831
SE22,20,=1019,65.7267738
SE3,20,=1019,57.25901114
SM3,20,=1019,89.10273545
SN1,20,=1019,55.06759547
SO30,20,=1019,59.63207013
SO32,20,=1019,84.4880027
TN22,20,=1019,72.55314518
UB1,20,=1019,45.5331937
WD24,20,=1019,82.34858155
WS1,20,=1019,70.32843379
AL4,19,=1057,66.82846189
BA4,19,=1057,102.8806584
BD7,19,=1057,52.49778957
BH10,19,=1057,90.80481743
BH25,19,=1057,74.11163553
BH8,19,=1057,59.14580999
BH9,19,=1057,58.33947433
BN3,19,=1057,23.46750985
CF33,19,=1057,127.2775991
CF82,19,=1057,94.25538248
CM77,19,=1057,119.6850394
CO6,19,=1057,65.56924457
E2,19,=1057,37.8984322
GL14,19,=1057,119.1521385
HP3,19,=1057,54.5961323
IP31,19,=1057,89.18931606
LA9,19,=1057,59.68273912
LE15,19,=1057,52.706039
M19,19,=1057,50.79534822
M25,19,=1057,57.79291885
ME16,19,=1057,55.20688052
MK14,19,=1057,89.1014819
N11,19,=1057,60.51533586
OX5,19,=1057,78.78260148
PL25,19,=1057,68.67635365
RG40,19,=1057,58.92934681
S45,19,=1057,131.2335958
SA14,19,=1057,53.73911076
SE14,19,=1057,69.00308698
SN4,19,=1057,64.39804772
SR6,19,=1057,65.28312259
SW20,19,=1057,62.26650062
TA20,19,=1057,88.05264621
TR1,19,=1057,81.1757669
TS7,19,=1057,83.9482172
WD4,19,=1057,162.6851614
WF6,19,=1057,84.7495428
B21,18,=1094,59.08031641
BN24,18,=1094,169.1093574
CH63,18,=1094,61.30999012
CM21,18,=1094,158.061117
CW10,18,=1094,115.3180857
CW9,18,=1094,51.10877651
DN37,18,=1094,85.7592072
EN10,18,=1094,99.67329309
EN5,18,=1094,45.11504336
EX32,18,=1094,74.22680412
GL17,18,=1094,153.400375
HA9,18,=1094,30.67432389
HD1,18,=1094,73.42143906
HD8,18,=1094,53.46481718
HP5,18,=1094,66.64691943
HR4,18,=1094,58.38847801
KT9,18,=1094,82.59911894
LS7,18,=1094,56.56286334
ME14,18,=1094,52.49803132
MK17,18,=1094,88.4260169
MK44,18,=1094,108.8468283
NG34,18,=1094,41.34509372
NN6,18,=1094,48.0345849
NR1,18,=1094,62.09465986
NR2,18,=1094,66.53605885
OL7,18,=1094,99.29938765
OX10,18,=1094,63.18228088
PR26,18,=1094,115.0159744
RH15,18,=1094,52.69937932
RM2,18,=1094,130.0390117
S18,18,=1094,72.68615733
SA61,18,=1094,124.1293704
SA9,18,=1094,117.409171
SE27,18,=1094,81.23476848
SK1,18,=1094,142.0006311
SL4,18,=1094,39.68778939
SO53,18,=1094,56.09398859
ST13,18,=1094,64.70630527
TN29,18,=1094,136.1573374
TS26,18,=1094,70.23842042
TW8,18,=1094,72.31238952
UB9,18,=1094,114.4019321
W7,18,=1094,58.12263877
WS5,18,=1094,80.96801763
YO16,18,=1094,70.68803016
B20,17,=1139,45.77028701
BR3,17,=1139,34.06881901
CM14,17,=1139,79.47267542
CO3,17,=1139,51.76613886
DE6,17,=1139,63.86175808
DL9,17,=1139,116.4543088
DN1,17,=1139,174.8971193
EN4,17,=1139,61.41840384
EX5,17,=1139,64.51612903
EX8,17,=1139,44.2282176
KT1,17,=1139,71.94853564
KT4,17,=1139,56.81628288
L40,17,=1139,87.79631255
LS17,17,=1139,37.85264189
ME19,17,=1139,66.36477202
MK12,17,=1139,117.3465866
MK4,17,=1139,68.98510733
NE11,17,=1139,106.449593
NE4,17,=1139,40.1891253
NP10,17,=1139,62.27106227
NR10,17,=1139,71.32966895
OX28,17,=1139,60.0515737
PO14,17,=1139,50.51705694
SA48,17,=1139,196.1010497
SE11,17,=1139,73.8680803
SS4,17,=1139,77.25868024
ST10,17,=1139,67.57831134
TD15,17,=1139,101.985722
TN11,17,=1139,114.6247724
TN27,17,=1139,118.9060642
TR18,17,=1139,87.08124168
TS4,17,=1139,88.74504072
TW18,17,=1139,63.67756677
AL2,16,=1172,66.08566354
B61,16,=1172,60.62443165
B66,16,=1172,60.20469597
B73,16,=1172,68.51368133
B93,16,=1172,79.73686833
BD18,16,=1172,57.57052389
BD20,16,=1172,41.87933517
BN9,16,=1172,115.0582482
BR4,16,=1172,80.96756237
CM11,16,=1172,83.94983997
CO13,16,=1172,124.7368831
CO14,16,=1172,222.9033157
CV8,16,=1172,51.16398056
DA6,16,=1172,144.7047119
DL13,16,=1172,117.8376786
DT5,16,=1172,118.0115061
HA7,16,=1172,40.67417444
HP1,16,=1172,60.88280061
HP12,16,=1172,68.71966671
L22,16,=1172,116.3213377
LS16,16,=1172,42.49555125
MK13,16,=1172,83.15576114
NR6,16,=1172,64.78257349
OX29,16,=1172,59.38683097
PE16,16,=1172,143.3306459
PE24,16,=1172,131.093814
PE26,16,=1172,133.1004076
SA43,16,=1172,126.4922128
SG15,16,=1172,265.5160969
SL0,16,=1172,136.7404495
SM2,16,=1172,51.15089514
SN11,16,=1172,64.50832561
SO14,16,=1172,51.61623331
SY2,16,=1172,85.43813745
SY23,16,=1172,56.29441982
SY4,16,=1172,60.29999246
TN37,16,=1172,77.3021548
TQ14,16,=1172,81.67015466
W3,16,=1172,27.13658181
WA15,16,=1172,36.75372706
WF15,16,=1172,90.47215154
WS6,16,=1172,91.69054441
B12,15,=1214,68.70648589
BD9,15,=1214,47.56016361
BH17,15,=1214,65.09569067
BH21,15,=1214,35.16916368
BN11,15,=1214,43.55274237
BS20,15,=1214,45.58300666
BS21,15,=1214,63.67534066
CF41,15,=1214,140.6337896
CH3,15,=1214,41.0497797
CH61,15,=1214,87.61170492
CW11,15,=1214,55.46106633
DE65,15,=1214,61.20450465
DL4,15,=1214,148.5148515
E12,15,=1214,35.08033396
EN2,15,=1214,47.9616307
EX15,15,=1214,62.97493598
HA5,15,=1214,31.85795599
HP20,15,=1214,92.78159213
HU4,15,=1214,62.50781348
HX1,15,=1214,58.09450039
L16,15,=1214,102.2355507
L18,15,=1214,57.42066378
M13,15,=1214,61.76652254
ME20,15,=1214,68.88317414
N13,15,=1214,44.55401432
NE61,15,=1214,44.06062742
NP18,15,=1214,87.99202206
NR11,15,=1214,78.19831092
NR13,15,=1214,52.30672665
OX13,15,=1214,92.43283214
OX15,15,=1214,69.13079547
OX3,15,=1214,31.4795383
PE34,15,=1214,100.6306185
PL14,15,=1214,60.38647343
RG42,15,=1214,51.05340186
RM1,15,=1214,65.07874528
SA10,15,=1214,48.34031582
SK7,15,=1214,35.89890867
SW12,15,=1214,46.63309084
SY12,15,=1214,174.0543049
TA1,15,=1214,35.61338113
WF14,15,=1214,74.11433371
YO11,15,=1214,62.76938528
YO24,15,=1214,50.42016807
B11,14,=1258,29.19890713
B47,14,=1258,137.7546
BB18,14,=1258,81.15471567
BD19,14,=1258,61.97706848
BH1,14,=1258,59.08170155
BH6,14,=1258,60.33702538
BN10,14,=1258,70.29524001
BN21,14,=1258,53.29272935
BS9,14,=1258,41.95385076
CA22,14,=1258,160.7347876
CF11,14,=1258,35.75167905
CH45,14,=1258,46.38987375
CR6,14,=1258,135.6326293
CV35,14,=1258,52.10465592
DA13,14,=1258,97.68350544
DL15,14,=1258,60.66646445
DT9,14,=1258,62.69873259
E7,14,=1258,25.98800839
GL16,14,=1258,98.60543739
GL20,14,=1258,47.47211014
HA2,14,=1258,23.31002331
HG1,14,=1258,40.74505239
HR9,14,=1258,65.19815582
IG3,14,=1258,34.74290252
LL31,14,=1258,137.1876531
MK16,14,=1258,73.24857427
MK18,14,=1258,40.38655705
N12,14,=1258,45.60854835
N5,14,=1258,54.42388431
NP26,14,=1258,60.18657839
NR14,14,=1258,51.10608162
NR29,14,=1258,66.4577993
NW3,14,=1258,28.37684449
OX2,14,=1258,33.80580977
PE10,14,=1258,54.73881764
PL24,14,=1258,132.9029808
PO36,14,=1258,84.41871684
PO38,14,=1258,113.5257866
RG4,14,=1258,34.2156072
RG41,14,=1258,43.60419846
RM14,14,=1258,49.92155185
RM4,14,=1258,306.4798599
SA33,14,=1258,112.0717259
SL7,14,=1258,65.6722019
SN12,14,=1258,49.05739715
SO41,14,=1258,43.81709493
SP2,14,=1258,45.18752824
SP7,14,=1258,89.91073149
ST14,14,=1258,64.44782028
SW13,14,=1258,88.73676871
TA2,14,=1258,44.01546829
TA7,14,=1258,88.1223642
TA9,14,=1258,103.5196687
TF11,14,=1258,111.0406091
TN14,14,=1258,84.13967186
TN31,14,=1258,99.70089731
TS12,14,=1258,61.70118995
TW2,14,=1258,44.21145708
W13,14,=1258,42.23864836
W14,14,=1258,39.52903973
WD23,14,=1258,49.50670109
WF5,14,=1258,63.94153916
WR3,14,=1258,64.34414928
YO31,14,=1258,46.4175591
AL1,13,=1322,33.30088632
B16,13,=1322,50.57381832
BH20,13,=1322,63.96063961
BN43,13,=1322,53.57952438
CF46,13,=1322,89.50702286
CT7,13,=1322,107.1811361
DA18,13,=1322,249.9038831
DN19,13,=1322,203.7936981
EX14,13,=1322,58.50058501
GU34,13,=1322,38.74005424
HP10,13,=1322,67.12795621
HU12,13,=1322,51.52596116
IP11,13,=1322,43.07345681
KT20,13,=1322,60.07393715
LA2,13,=1322,57.47634627
LA5,13,=1322,80.03447639
LE1,13,=1322,69.31484937
MK19,13,=1322,103.5856574
N10,13,=1322,47.30024742
NE21,13,=1322,73.4670811
NG13,13,=1322,55.97657596
NN13,13,=1322,59.15005915
NR18,13,=1322,61.17359183
OL15,13,=1322,88.74325893
OX18,13,=1322,47.08950628
PE27,13,=1322,62.93570875
RG1,13,=1322,26.40505352
SE4,13,=1322,44.88330341
SM7,13,=1322,70.23610136
SN7,13,=1322,85.06183341
ST18,13,=1322,71.64902998
ST8,13,=1322,65.11721098
SY16,13,=1322,81.2093953
TN8,13,=1322,91.72369999
TN9,13,=1322,67.49740395
TQ13,13,=1322,53.28742417
TR15,13,=1322,59.02383655
TR26,13,=1322,118.1710754
W5,13,=1322,25.02984327
WA14,13,=1322,41.98559571
WF13,13,=1322,44.15610883
B50,12,=1363,171.9444046
B76,12,=1363,56.32216277
BA11,12,=1363,34.00589436
BD8,12,=1363,35.13909224
BL7,12,=1363,79.08264136
CA25,12,=1363,203.0113348
CF15,12,=1363,64.75984889
CT4,12,=1363,69.82021295
DE74,12,=1363,92.82896264
DN10,12,=1363,95.2910347
DT3,12,=1363,48.46722404
EX34,12,=1363,72.25433526
GU2,12,=1363,33.49055287
GU6,12,=1363,75.49543882
HA0,12,=1363,21.14388413
HR6,12,=1363,57.24644595
HU2,12,=1363,273.7226277
IP22,12,=1363,52.35373675
IP27,12,=1363,58.50519234
IP4,12,=1363,31.2940072
KT6,12,=1363,36.4508976
LD3,12,=1363,61.50061501
M15,12,=1363,45.77881204
ME11,12,=1363,304.8780488
MK10,12,=1363,49.0336289
NE22,12,=1363,66.86726847
NE65,12,=1363,55.6637907
PE20,12,=1363,77.20517275
PE32,12,=1363,73.84160975
RG18,12,=1363,59.94005994
RG19,12,=1363,69.25207756
RG26,12,=1363,51.28205128
RH5,12,=1363,73.8506985
SE24,12,=1363,64.93857893
SK12,12,=1363,61.81424818
SO17,12,=1363,60.49911772
ST19,12,=1363,77.37941708
TN21,12,=1363,70.71719017
TN33,12,=1363,94.76427387
TN6,12,=1363,46.8786624
TR9,12,=1363,138.7925052
TW20,12,=1363,43.75729288
W9,12,=1363,32.88752467
WA16,12,=1363,49.20654447
WS14,12,=1363,68.04264005
WV5,12,=1363,77.98284377
B15,11,=1409,53.48373608
B17,11,=1409,40.57244025
B18,11,=1409,62.57110353
B19,11,=1409,44.42290607
B7,11,=1409,110.775428
BH16,11,=1409,68.16632584
BH22,11,=1409,39.79451559
BN14,11,=1409,35.38342769
BN18,11,=1409,77.14425977
BS31,11,=1409,45.76087861
CB23,11,=1409,30.51148341
CF43,11,=1409,96.29694476
CT18,11,=1409,73.86020278
DE3,11,=1409,58.99072237
DH1,11,=1409,20.93244529
DL10,11,=1409,61.11790199
DL12,11,=1409,88.98236531
DL6,11,=1409,70.0592319
DN20,11,=1409,57.30061989
DN36,11,=1409,53.56186395
GL10,11,=1409,69.36561988
GL50,11,=1409,49.59870142
GL56,11,=1409,109.4745223
HG4,11,=1409,42.38104411
HP14,11,=1409,61.10771624
HR1,11,=1409,32.72056636
IG5,11,=1409,60.01745962
IP7,11,=1409,64.60707154
KT8,11,=1409,52.4709025
LL15,11,=1409,102.4303939
LL54,11,=1409,98.021743
N2,11,=1409,44.68456758
NE13,11,=1409,54.5743203
NE16,11,=1409,44.49838188
NG14,11,=1409,55.04678977
NP13,11,=1409,58.65415378
NP7,11,=1409,40.2989449
NR20,11,=1409,54.16051206
NR28,11,=1409,61.94740102
NR34,11,=1409,49.42265355
OL5,11,=1409,94.90121646
RG17,11,=1409,71.09617373
RG23,11,=1409,80.93591347
RG31,11,=1409,38.27951002
RH14,11,=1409,64.95040151
RH17,11,=1409,53.69520648
RH4,11,=1409,66.96292689
RH7,11,=1409,124.0694789
RH8,11,=1409,69.39187484
RM20,11,=1409,145.0613214
SA72,11,=1409,105.4346784
SE23,11,=1409,31.75152985
SG13,11,=1409,61.28816581
SN14,11,=1409,39.63678293
SN8,11,=1409,44.13062665
SP1,11,=1409,48.40910091
SW4,11,=1409,26.71459102
TF10,11,=1409,53.00183097
TF9,11,=1409,40.78303426
TN1,11,=1409,93.85665529
TN25,11,=1409,57.0391496
TN40,11,=1409,60.68295912
TR20,11,=1409,113.1105398
TR4,11,=1409,84.55684526
TR8,11,=1409,101.0472166
TS1,11,=1409,65.89193722
TW11,11,=1409,45.05057951
WV8,11,=1409,68.3611957
YO21,11,=1409,79.91862831
B80,10,=1478,137.532664
BA6,10,=1478,75.05817008
BD23,10,=1478,33.1983268
BN16,10,=1478,33.49186148
BN20,10,=1478,47.01015419
BR7,10,=1478,53.20280911
BS32,10,=1478,40.39587962
BS39,10,=1478,57.64020981
BS48,10,=1478,42.50977725
CF64,10,=1478,26.6858805
CV13,10,=1478,90.44862518
DN18,10,=1478,78.2962731
EX20,10,=1478,44.83299709
GU22,10,=1478,27.32315091
GU24,10,=1478,48.99078973
GU47,10,=1478,52.64266161
HA1,10,=1478,22.20347262
HP18,10,=1478,44.37541602
HX4,10,=1478,83.13934154
KT14,10,=1478,72.17090069
LA12,10,=1478,49.49759937
LD1,10,=1478,87.31336768
LL53,10,=1478,62.34413965
LS6,10,=1478,20.08516108
NE25,10,=1478,32.91097581
NE42,10,=1478,80.25682183
NE62,10,=1478,110.4728237
NN29,10,=1478,84.65966813
NR15,10,=1478,62.12337703
NW4,10,=1478,29.32895354
PL7,10,=1478,31.90810466
RG20,10,=1478,50.24620641
SA73,10,=1478,47.3641832
SO23,10,=1478,42.90188339
TA21,10,=1478,47.138682
TA4,10,=1478,50.61241016
TS27,10,=1478,84.56659619
W11,10,=1478,34.26065506
WA6,10,=1478,51.22163602
WR10,10,=1478,50.51015254
AL5,0-9,-,-
AL6,0-9,-,-
AL8,0-9,-,-
AL9,0-9,-,-
B1,0-9,-,-
B10,0-9,-,-
B2,0-9,-,-
B3,0-9,-,-
B4,0-9,-,-
B40,0-9,-,-
B48,0-9,-,-
B49,0-9,-,-
B5,0-9,-,-
B6,0-9,-,-
B72,0-9,-,-
B9,0-9,-,-
B91,0-9,-,-
B94,0-9,-,-
B95,0-9,-,-
B96,0-9,-,-
BA1,0-9,-,-
BA10,0-9,-,-
BA15,0-9,-,-
BA16,0-9,-,-
BA20,0-9,-,-
BA22,0-9,-,-
BA5,0-9,-,-
BA7,0-9,-,-
BA8,0-9,-,-
BA9,0-9,-,-
BD1,0-9,-,-
BD11,0-9,-,-
BD14,0-9,-,-
BD15,0-9,-,-
BD16,0-9,-,-
BD17,0-9,-,-
BD24,0-9,-,-
BD3,0-9,-,-
BH13,0-9,-,-
BH14,0-9,-,-
BH18,0-9,-,-
BH19,0-9,-,-
BH2,0-9,-,-
BH24,0-9,-,-
BH3,0-9,-,-
BH31,0-9,-,-
BH4,0-9,-,-
BH5,0-9,-,-
BH7,0-9,-,-
BL0,0-9,-,-
BN25,0-9,-,-
BN26,0-9,-,-
BN42,0-9,-,-
BN44,0-9,-,-
BN45,0-9,-,-
BN5,0-9,-,-
BN6,0-9,-,-
BN7,0-9,-,-
BN8,0-9,-,-
BS1,0-9,-,-
BS2,0-9,-,-
BS25,0-9,-,-
BS26,0-9,-,-
BS27,0-9,-,-
BS28,0-9,-,-
BS29,0-9,-,-
BS36,0-9,-,-
BS40,0-9,-,-
BS41,0-9,-,-
BS49,0-9,-,-
BS6,0-9,-,-
BS8,0-9,-,-
CA10,0-9,-,-
CA11,0-9,-,-
CA12,0-9,-,-
CA13,0-9,-,-
CA15,0-9,-,-
CA16,0-9,-,-
CA17,0-9,-,-
CA18,0-9,-,-
CA19,0-9,-,-
CA20,0-9,-,-
CA21,0-9,-,-
CA23,0-9,-,-
CA24,0-9,-,-
CA26,0-9,-,-
CA27,0-9,-,-
CA3,0-9,-,-
CA4,0-9,-,-
CA5,0-9,-,-
CA6,0-9,-,-
CA7,0-9,-,-
CA8,0-9,-,-
CA9,0-9,-,-
CB10,0-9,-,-
CB11,0-9,-,-
CB2,0-9,-,-
CB21,0-9,-,-
CB22,0-9,-,-
CB25,0-9,-,-
CB3,0-9,-,-
CF10,0-9,-,-
CF35,0-9,-,-
CF36,0-9,-,-
CF61,0-9,-,-
CF71,0-9,-,-
CH47,0-9,-,-
CH48,0-9,-,-
CH60,0-9,-,-
CH64,0-9,-,-
CM12,0-9,-,-
CM24,0-9,-,-
CM4,0-9,-,-
CM99,0-9,-,-
CO11,0-9,-,-
CO8,0-9,-,-
CT13,0-9,-,-
CT15,0-9,-,-
CT21,0-9,-,-
CT8,0-9,-,-
CV36,0-9,-,-
CW3,0-9,-,-
CW4,0-9,-,-
CW6,0-9,-,-
DA4,0-9,-,-
DA5,0-9,-,-
DE45,0-9,-,-
DE73,0-9,-,-
DH2,0-9,-,-
DL11,0-9,-,-
DL2,0-9,-,-
DL7,0-9,-,-
DL8,0-9,-,-
DN38,0-9,-,-
DN39,0-9,-,-
DN41,0-9,-,-
DT1,0-9,-,-
DT10,0-9,-,-
DT2,0-9,-,-
DT7,0-9,-,-
DT8,0-9,-,-
DY12,0-9,-,-
DY14,0-9,-,-
DY7,0-9,-,-
E18,0-9,-,-
E1W,0-9,-,-
E20,0-9,-,-
EC1A,0-9,-,-
EC1M,0-9,-,-
EC1N,0-9,-,-
EC1R,0-9,-,-
EC1V,0-9,-,-
EC1Y,0-9,-,-
EC2A,0-9,-,-
EC2M,0-9,-,-
EC2N,0-9,-,-
EC2R,0-9,-,-
EC2V,0-9,-,-
EC2Y,0-9,-,-
EC3A,0-9,-,-
EC3M,0-9,-,-
EC3N,0-9,-,-
EC3R,0-9,-,-
EC3V,0-9,-,-
EC4A,0-9,-,-
EC4M,0-9,-,-
EC4N,0-9,-,-
EC4R,0-9,-,-
EC4V,0-9,-,-
EC4Y,0-9,-,-
EX10,0-9,-,-
EX11,0-9,-,-
EX12,0-9,-,-
EX13,0-9,-,-
EX17,0-9,-,-
EX18,0-9,-,-
EX19,0-9,-,-
EX21,0-9,-,-
EX22,0-9,-,-
EX23,0-9,-,-
EX24,0-9,-,-
EX3,0-9,-,-
EX33,0-9,-,-
EX35,0-9,-,-
EX36,0-9,-,-
EX37,0-9,-,-
EX38,0-9,-,-
EX6,0-9,-,-
EX7,0-9,-,-
EX9,0-9,-,-
GL11,0-9,-,-
GL12,0-9,-,-
GL13,0-9,-,-
GL18,0-9,-,-
GL19,0-9,-,-
GL53,0-9,-,-
GL54,0-9,-,-
GL55,0-9,-,-
GL6,0-9,-,-
GL8,0-9,-,-
GL9,0-9,-,-
GU1,0-9,-,-
GU10,0-9,-,-
GU16,0-9,-,-
GU17,0-9,-,-
GU18,0-9,-,-
GU19,0-9,-,-
GU20,0-9,-,-
GU23,0-9,-,-
GU25,0-9,-,-
GU26,0-9,-,-
GU27,0-9,-,-
GU28,0-9,-,-
GU29,0-9,-,-
GU3,0-9,-,-
GU30,0-9,-,-
GU31,0-9,-,-
GU32,0-9,-,-
GU33,0-9,-,-
GU4,0-9,-,-
GU46,0-9,-,-
GU5,0-9,-,-
GU51,0-9,-,-
GU52,0-9,-,-
GU7,0-9,-,-
GU8,0-9,-,-
GU9,0-9,-,-
HA6,0-9,-,-
HG2,0-9,-,-
HG3,0-9,-,-
HG5,0-9,-,-
HP11,0-9,-,-
HP15,0-9,-,-
HP16,0-9,-,-
HP17,0-9,-,-
HP23,0-9,-,-
HP27,0-9,-,-
HP4,0-9,-,-
HP6,0-9,-,-
HP7,0-9,-,-
HP8,0-9,-,-
HP9,0-9,-,-
HR3,0-9,-,-
HR5,0-9,-,-
HR7,0-9,-,-
HR8,0-9,-,-
HU1,0-9,-,-
HU10,0-9,-,-
HU11,0-9,-,-
HU13,0-9,-,-
HU14,0-9,-,-
HU15,0-9,-,-
HU16,0-9,-,-
HU18,0-9,-,-
HU19,0-9,-,-
HU20,0-9,-,-
HX5,0-9,-,-
HX7,0-9,-,-
IG2,0-9,-,-
IG4,0-9,-,-
IG9,0-9,-,-
IP10,0-9,-,-
IP12,0-9,-,-
IP13,0-9,-,-
IP15,0-9,-,-
IP16,0-9,-,-
IP17,0-9,-,-
IP18,0-9,-,-
IP19,0-9,-,-
IP20,0-9,-,-
IP21,0-9,-,-
IP23,0-9,-,-
IP26,0-9,-,-
IP29,0-9,-,-
IP30,0-9,-,-
IP32,0-9,-,-
IP33,0-9,-,-
IP5,0-9,-,-
IP6,0-9,-,-
IP8,0-9,-,-
IP9,0-9,-,-
KT10,0-9,-,-
KT11,0-9,-,-
KT13,0-9,-,-
KT17,0-9,-,-
KT18,0-9,-,-
KT2,0-9,-,-
KT21,0-9,-,-
KT23,0-9,-,-
KT24,0-9,-,-
KT5,0-9,-,-
KT7,0-9,-,-
L1,0-9,-,-
L2,0-9,-,-
L29,0-9,-,-
L38,0-9,-,-
LA10,0-9,-,-
LA11,0-9,-,-
LA15,0-9,-,-
LA16,0-9,-,-
LA17,0-9,-,-
LA18,0-9,-,-
LA19,0-9,-,-
LA20,0-9,-,-
LA21,0-9,-,-
LA22,0-9,-,-
LA23,0-9,-,-
LA6,0-9,-,-
LA7,0-9,-,-
LA8,0-9,-,-
LD2,0-9,-,-
LD4,0-9,-,-
LD5,0-9,-,-
LD6,0-9,-,-
LD7,0-9,-,-
LD8,0-9,-,-
LE14,0-9,-,-
LE6,0-9,-,-
LE65,0-9,-,-
LL17,0-9,-,-
LL20,0-9,-,-
LL21,0-9,-,-
LL23,0-9,-,-
LL24,0-9,-,-
LL25,0-9,-,-
LL26,0-9,-,-
LL27,0-9,-,-
LL28,0-9,-,-
LL32,0-9,-,-
LL33,0-9,-,-
LL34,0-9,-,-
LL35,0-9,-,-
LL36,0-9,-,-
LL37,0-9,-,-
LL38,0-9,-,-
LL39,0-9,-,-
LL40,0-9,-,-
LL41,0-9,-,-
LL42,0-9,-,-
LL43,0-9,-,-
LL44,0-9,-,-
LL45,0-9,-,-
LL46,0-9,-,-
LL47,0-9,-,-
LL48,0-9,-,-
LL49,0-9,-,-
LL51,0-9,-,-
LL52,0-9,-,-
LL56,0-9,-,-
LL58,0-9,-,-
LL59,0-9,-,-
LL60,0-9,-,-
LL61,0-9,-,-
LL62,0-9,-,-
LL63,0-9,-,-
LL64,0-9,-,-
LL66,0-9,-,-
LL67,0-9,-,-
LL68,0-9,-,-
LL69,0-9,-,-
LL70,0-9,-,-
LL71,0-9,-,-
LL72,0-9,-,-
LL73,0-9,-,-
LL74,0-9,-,-
LL75,0-9,-,-
LL76,0-9,-,-
LL77,0-9,-,-
LL78,0-9,-,-
LN10,0-9,-,-
LN13,0-9,-,-
LN3,0-9,-,-
LN7,0-9,-,-
LN8,0-9,-,-
LN9,0-9,-,-
LS1,0-9,-,-
LS18,0-9,-,-
LS19,0-9,-,-
LS2,0-9,-,-
LS20,0-9,-,-
LS21,0-9,-,-
LS22,0-9,-,-
LS23,0-9,-,-
LS24,0-9,-,-
LS29,0-9,-,-
LS3,0-9,-,-
LS4,0-9,-,-
LS5,0-9,-,-
M1,0-9,-,-
M17,0-9,-,-
M2,0-9,-,-
M3,0-9,-,-
M4,0-9,-,-
M50,0-9,-,-
M60,0-9,-,-
ME18,0-9,-,-
MK1,0-9,-,-
MK15,0-9,-,-
MK46,0-9,-,-
MK5,0-9,-,-
MK7,0-9,-,-
MK8,0-9,-,-
MK9,0-9,-,-
N14,0-9,-,-
N1C,0-9,-,-
N20,0-9,-,-
N21,0-9,-,-
N3,0-9,-,-
N6,0-9,-,-
NE1,0-9,-,-
NE17,0-9,-,-
NE18,0-9,-,-
NE19,0-9,-,-
NE2,0-9,-,-
NE20,0-9,-,-
NE26,0-9,-,-
NE30,0-9,-,-
NE35,0-9,-,-
NE36,0-9,-,-
NE39,0-9,-,-
NE41,0-9,-,-
NE43,0-9,-,-
NE44,0-9,-,-
NE45,0-9,-,-
NE46,0-9,-,-
NE47,0-9,-,-
NE48,0-9,-,-
NE49,0-9,-,-
NE64,0-9,-,-
NE66,0-9,-,-
NE67,0-9,-,-
NE68,0-9,-,-
NE69,0-9,-,-
NE7,0-9,-,-
NE70,0-9,-,-
NE71,0-9,-,-
NG1,0-9,-,-
NG23,0-9,-,-
NG25,0-9,-,-
NG32,0-9,-,-
NG33,0-9,-,-
NG90,0-9,-,-
NP15,0-9,-,-
NP24,0-9,-,-
NP25,0-9,-,-
NP8,0-9,-,-
NR12,0-9,-,-
NR16,0-9,-,-
NR17,0-9,-,-
NR19,0-9,-,-
NR21,0-9,-,-
NR22,0-9,-,-
NR23,0-9,-,-
NR24,0-9,-,-
NR25,0-9,-,-
NR26,0-9,-,-
NR27,0-9,-,-
NR35,0-9,-,-
NR9,0-9,-,-
NW11,0-9,-,-
NW7,0-9,-,-
NW8,0-9,-,-
OL3,0-9,-,-
OX1,0-9,-,-
OX17,0-9,-,-
OX20,0-9,-,-
OX25,0-9,-,-
OX27,0-9,-,-
OX33,0-9,-,-
OX39,0-9,-,-
OX44,0-9,-,-
OX49,0-9,-,-
OX7,0-9,-,-
OX9,0-9,-,-
PE23,0-9,-,-
PE31,0-9,-,-
PE33,0-9,-,-
PE35,0-9,-,-
PE36,0-9,-,-
PE37,0-9,-,-
PE38,0-9,-,-
PE5,0-9,-,-
PE8,0-9,-,-
PL10,0-9,-,-
PL11,0-9,-,-
PL12,0-9,-,-
PL13,0-9,-,-
PL15,0-9,-,-
PL16,0-9,-,-
PL17,0-9,-,-
PL18,0-9,-,-
PL19,0-9,-,-
PL20,0-9,-,-
PL21,0-9,-,-
PL22,0-9,-,-
PL23,0-9,-,-
PL27,0-9,-,-
PL28,0-9,-,-
PL29,0-9,-,-
PL30,0-9,-,-
PL32,0-9,-,-
PL33,0-9,-,-
PL34,0-9,-,-
PL35,0-9,-,-
PL8,0-9,-,-
PO10,0-9,-,-
PO11,0-9,-,-
PO17,0-9,-,-
PO18,0-9,-,-
PO31,0-9,-,-
PO32,0-9,-,-
PO34,0-9,-,-
PO35,0-9,-,-
PO37,0-9,-,-
PO39,0-9,-,-
PO40,0-9,-,-
PO41,0-9,-,-
RG10,0-9,-,-
RG25,0-9,-,-
RG27,0-9,-,-
RG28,0-9,-,-
RG29,0-9,-,-
RG45,0-9,-,-
RG5,0-9,-,-
RG6,0-9,-,-
RG8,0-9,-,-
RG9,0-9,-,-
RH18,0-9,-,-
RH3,0-9,-,-
RH9,0-9,-,-
S1,0-9,-,-
S10,0-9,-,-
S11,0-9,-,-
S17,0-9,-,-
S3,0-9,-,-
S32,0-9,-,-
S33,0-9,-,-
S7,0-9,-,-
SA16,0-9,-,-
SA17,0-9,-,-
SA19,0-9,-,-
SA2,0-9,-,-
SA20,0-9,-,-
SA3,0-9,-,-
SA31,0-9,-,-
SA32,0-9,-,-
SA34,0-9,-,-
SA35,0-9,-,-
SA36,0-9,-,-
SA37,0-9,-,-
SA38,0-9,-,-
SA39,0-9,-,-
SA40,0-9,-,-
SA41,0-9,-,-
SA42,0-9,-,-
SA44,0-9,-,-
SA45,0-9,-,-
SA46,0-9,-,-
SA47,0-9,-,-
SA62,0-9,-,-
SA63,0-9,-,-
SA64,0-9,-,-
SA65,0-9,-,-
SA66,0-9,-,-
SA67,0-9,-,-
SA68,0-9,-,-
SA69,0-9,-,-
SA7,0-9,-,-
SA70,0-9,-,-
SA71,0-9,-,-
SA8,0-9,-,-
SE21,0-9,-,-
SG10,0-9,-,-
SG11,0-9,-,-
SG16,0-9,-,-
SG3,0-9,-,-
SG7,0-9,-,-
SG9,0-9,-,-
SK17,0-9,-,-
SK22,0-9,-,-
SK23,0-9,-,-
SL5,0-9,-,-
SL8,0-9,-,-
SL9,0-9,-,-
SN13,0-9,-,-
SN15,0-9,-,-
SN16,0-9,-,-
SN26,0-9,-,-
SN9,0-9,-,-
SO20,0-9,-,-
SO21,0-9,-,-
SO22,0-9,-,-
SO24,0-9,-,-
SO42,0-9,-,-
SO43,0-9,-,-
SO51,0-9,-,-
SO52,0-9,-,-
SP3,0-9,-,-
SP5,0-9,-,-
SP6,0-9,-,-
SP8,0-9,-,-
SP9,0-9,-,-
SR1,0-9,-,-
ST11,0-9,-,-
ST12,0-9,-,-
ST20,0-9,-,-
ST21,0-9,-,-
ST9,0-9,-,-
SW10,0-9,-,-
SW14,0-9,-,-
SW1A,0-9,-,-
SW1E,0-9,-,-
SW1H,0-9,-,-
SW1P,0-9,-,-
SW1V,0-9,-,-
SW1W,0-9,-,-
SW1X,0-9,-,-
SW1Y,0-9,-,-
SW3,0-9,-,-
SW5,0-9,-,-
SW7,0-9,-,-
SY10,0-9,-,-
SY14,0-9,-,-
SY15,0-9,-,-
SY17,0-9,-,-
SY18,0-9,-,-
SY19,0-9,-,-
SY20,0-9,-,-
SY21,0-9,-,-
SY22,0-9,-,-
SY24,0-9,-,-
SY25,0-9,-,-
SY5,0-9,-,-
SY6,0-9,-,-
SY7,0-9,-,-
SY8,0-9,-,-
SY9,0-9,-,-
TA10,0-9,-,-
TA11,0-9,-,-
TA12,0-9,-,-
TA13,0-9,-,-
TA14,0-9,-,-
TA15,0-9,-,-
TA16,0-9,-,-
TA17,0-9,-,-
TA18,0-9,-,-
TA19,0-9,-,-
TA22,0-9,-,-
TA23,0-9,-,-
TA24,0-9,-,-
TA3,0-9,-,-
TA5,0-9,-,-
TA8,0-9,-,-
TF12,0-9,-,-
TF13,0-9,-,-
TF5,0-9,-,-
TF6,0-9,-,-
TF8,0-9,-,-
TN10,0-9,-,-
TN13,0-9,-,-
TN17,0-9,-,-
TN18,0-9,-,-
TN19,0-9,-,-
TN20,0-9,-,-
TN26,0-9,-,-
TN28,0-9,-,-
TN3,0-9,-,-
TN30,0-9,-,-
TN32,0-9,-,-
TN36,0-9,-,-
TN5,0-9,-,-
TN7,0-9,-,-
TQ10,0-9,-,-
TQ11,0-9,-,-
TQ4,0-9,-,-
TQ5,0-9,-,-
TQ6,0-9,-,-
TQ7,0-9,-,-
TQ8,0-9,-,-
TQ9,0-9,-,-
TR10,0-9,-,-
TR12,0-9,-,-
TR13,0-9,-,-
TR16,0-9,-,-
TR17,0-9,-,-
TR19,0-9,-,-
TR2,0-9,-,-
TR21,0-9,-,-
TR22,0-9,-,-
TR23,0-9,-,-
TR24,0-9,-,-
TR25,0-9,-,-
TR3,0-9,-,-
TR5,0-9,-,-
TR6,0-9,-,-
TS11,0-9,-,-
TS13,0-9,-,-
TS14,0-9,-,-
TS15,0-9,-,-
TS16,0-9,-,-
TS2,0-9,-,-
TS21,0-9,-,-
TS22,0-9,-,-
TS28,0-9,-,-
TS29,0-9,-,-
TS9,0-9,-,-
TW1,0-9,-,-
TW10,0-9,-,-
TW12,0-9,-,-
TW17,0-9,-,-
TW6,0-9,-,-
TW9,0-9,-,-
W1B,0-9,-,-
W1C,0-9,-,-
W1D,0-9,-,-
W1F,0-9,-,-
W1G,0-9,-,-
W1H,0-9,-,-
W1J,0-9,-,-
W1K,0-9,-,-
W1S,0-9,-,-
W1T,0-9,-,-
W1U,0-9,-,-
W1W,0-9,-,-
W2,0-9,-,-
W8,0-9,-,-
WA13,0-9,-,-
WC1A,0-9,-,-
WC1B,0-9,-,-
WC1E,0-9,-,-
WC1H,0-9,-,-
WC1N,0-9,-,-
WC1R,0-9,-,-
WC1V,0-9,-,-
WC1X,0-9,-,-
WC2A,0-9,-,-
WC2B,0-9,-,-
WC2E,0-9,-,-
WC2H,0-9,-,-
WC2N,0-9,-,-
WC2R,0-9,-,-
WD17,0-9,-,-
WD18,0-9,-,-
WD5,0-9,-,-
WD7,0-9,-,-
WF16,0-9,-,-
WR1,0-9,-,-
WR12,0-9,-,-
WR13,0-9,-,-
WR15,0-9,-,-
WR6,0-9,-,-
WR7,0-9,-,-
WR8,0-9,-,-
WV15,0-9,-,-
WV16,0-9,-,-
WV7,0-9,-,-
WV9,0-9,-,-
YO1,0-9,-,-
YO10,0-9,-,-
YO13,0-9,-,-
YO14,0-9,-,-
YO15,0-9,-,-
YO18,0-9,-,-
YO19,0-9,-,-
YO22,0-9,-,-
YO23,0-9,-,-
YO30,0-9,-,-
YO32,0-9,-,-
YO41,0-9,-,-
YO42,0-9,-,-
YO43,0-9,-,-
YO51,0-9,-,-
YO60,0-9,-,-
YO61,0-9,-,-
YO62,0-9,-,-
YO7,0-9,-,-